{
"skeleton": { "hash": "tnEFWKusoXic4N0w1vUO5S5dwEU", "spine": "3.6.38", "width": 242, "height": 167, "images": "" },
"bones": [
	{ "name": "root", "x": -0.74, "y": 8.86 },
	{ "name": "arm", "parent": "root", "length": 56.2, "rotation": 20.08, "x": 71.36, "y": -43.56 },
	{ "name": "neck", "parent": "root", "length": 20.07, "rotation": 88.73, "x": -0.35, "y": -74.65 },
	{ "name": "head", "parent": "neck", "rotation": -88.73, "x": 24.1, "y": 3.45 },
	{ "name": "eyes", "parent": "head", "x": 0.46, "y": 72.83 },
	{ "name": "mouth", "parent": "head", "x": 1.09, "y": 16.74 },
	{ "name": "weapon", "parent": "arm", "length": 111.41, "rotation": 68.8, "x": 56.85, "y": 2.86 }
],
"slots": [
	{ "name": "face", "bone": "head", "attachment": "face" },
	{ "name": "cheeks", "bone": "head", "attachment": "cheeks" },
	{ "name": "eyes", "bone": "eyes", "attachment": "eyes" },
	{ "name": "mouth", "bone": "mouth", "attachment": "mouth" },
	{ "name": "weapon", "bone": "weapon", "attachment": "sword long" },
	{ "name": "crossbow template", "bone": "weapon" }
],
"skins": {
	"default": {},
	"template": {
		"cheeks": {
			"cheeks": { "name": "cheeks template", "path": "cheeks fade", "x": 2.49, "y": 48.72, "width": 163, "height": 86 }
		},
		"crossbow template": {
			"crossbow": { "name": "crossbow template", "x": 14.09, "y": 0.83, "rotation": -88.88, "width": 77, "height": 105 }
		},
		"eyes": {
			"eyes": { "name": "eyes template", "path": "eyes boop", "x": -0.47, "y": 0.89, "width": 62, "height": 13 }
		},
		"face": {
			"face": { "name": "face template", "path": "face circle", "x": 0.99, "y": 58.72, "width": 172, "height": 156 }
		},
		"mouth": {
			"mouth": { "name": "mouth template", "path": "mouth purse", "x": 0.89, "y": 1.47, "width": 56, "height": 26 }
		},
		"weapon": {
			"sword long": { "name": "sword long template", "x": 33.11, "y": -0.3, "rotation": -88.88, "width": 58, "height": 167 },
			"sword wipe": { "name": "sword wipe template", "x": 33.62, "y": -0.79, "rotation": -88.88, "width": 59, "height": 168 }
		}
	}
},
"animations": {
	"bounce": {
		"bones": {
			"neck": {
				"rotate": [
					{ "time": 0, "angle": 0 },
					{ "time": 0.2333, "angle": 15.11 },
					{ "time": 0.7333, "angle": -17.8 },
					{ "time": 1, "angle": 0 }
				],
				"translate": [
					{
						"time": 0,
						"x": 0,
						"y": 0,
						"curve": [ 0.455, 0, 1, 0.64 ]
					},
					{
						"time": 0.2333,
						"x": 0,
						"y": -10.7,
						"curve": [ 0, 0.4, 0.607, 0.99 ]
					},
					{
						"time": 0.5,
						"x": 0,
						"y": 0,
						"curve": [ 0.455, 0, 1, 0.64 ]
					},
					{
						"time": 0.7333,
						"x": 0,
						"y": -10.7,
						"curve": [ 0, 0.4, 0.607, 0.99 ]
					},
					{ "time": 1, "x": 0, "y": 0 }
				]
			},
			"mouth": {
				"translate": [
					{ "time": 0, "x": 0, "y": 0 },
					{ "time": 0.3333, "x": 0, "y": 3.97 },
					{ "time": 0.7333, "x": 0, "y": -2.51 },
					{ "time": 1, "x": 0, "y": 0 }
				],
				"scale": [
					{
						"time": 0,
						"x": 1,
						"y": 1,
						"curve": [ 0.25, 0, 0.625, 1 ]
					},
					{
						"time": 0.5,
						"x": 1.163,
						"y": 1,
						"curve": [ 0.25, 0, 0.625, 1 ]
					},
					{ "time": 1, "x": 1, "y": 1 }
				]
			},
			"arm": {
				"translate": [
					{
						"time": 0,
						"x": 0,
						"y": 0,
						"curve": [ 0.25, 0, 1, 0.34 ]
					},
					{
						"time": 0.2333,
						"x": 0,
						"y": -14.02,
						"curve": [ 0, 0.78, 0.75, 1 ]
					},
					{
						"time": 0.5,
						"x": 0,
						"y": 0,
						"curve": [ 0.25, 0, 1, 0.34 ]
					},
					{
						"time": 0.7333,
						"x": 0,
						"y": -14.02,
						"curve": [ 0, 0.78, 0.75, 1 ]
					},
					{ "time": 1, "x": 0, "y": 0 }
				]
			},
			"weapon": {
				"rotate": [
					{ "time": 0, "angle": 0, "curve": "stepped" },
					{ "time": 0.2333, "angle": 0 },
					{
						"time": 0.3,
						"angle": -8.74,
						"curve": [ 0.25, 0, 0.531, 1 ]
					},
					{ "time": 0.4667, "angle": 0, "curve": "stepped" },
					{ "time": 0.7333, "angle": 0 },
					{
						"time": 0.8,
						"angle": -8.74,
						"curve": [ 0.25, 0, 0.531, 1 ]
					},
					{ "time": 0.9667, "angle": 0 }
				]
			}
		}
	},
	"sword attack": {
		"slots": {
			"weapon": {
				"attachment": [
					{ "time": 0, "name": "sword long" },
					{ "time": 0.5085, "name": "sword wipe" },
					{ "time": 0.5823, "name": "sword long" },
					{ "time": 1, "name": "sword long" }
				]
			}
		},
		"bones": {
			"neck": {
				"rotate": [
					{
						"time": 0,
						"angle": 0,
						"curve": [ 0.25, 0, 0.75, 1 ]
					},
					{
						"time": 0.3333,
						"angle": 12.51,
						"curve": [ 0.683, 0, 1, 0.16 ]
					},
					{
						"time": 0.5,
						"angle": -26.81,
						"curve": [ 0, 0.49, 0.75, 1 ]
					},
					{ "time": 1.0333, "angle": 0 }
				],
				"translate": [
					{
						"time": 0,
						"x": 0,
						"y": 0,
						"curve": [ 0.25, 0, 0.75, 1 ]
					},
					{
						"time": 0.3333,
						"x": -12.49,
						"y": 11.6,
						"curve": [ 0.683, 0, 1, 0.16 ]
					},
					{
						"time": 0.5,
						"x": 39.25,
						"y": -0.45,
						"curve": [ 0, 0.49, 0.75, 1 ]
					},
					{ "time": 1.0333, "x": 0, "y": 0 }
				]
			},
			"mouth": {
				"translate": [
					{
						"time": 0,
						"x": 0,
						"y": 0,
						"curve": [ 0.246, 0, 0.635, 0.55 ]
					},
					{
						"time": 0.2333,
						"x": -10.12,
						"y": 10.36,
						"curve": [ 0.381, 0.54, 0.744, 1 ]
					},
					{
						"time": 0.4,
						"x": 0,
						"y": 9.77,
						"curve": [ 0.25, 0, 1, 0.28 ]
					},
					{
						"time": 0.5,
						"x": 0,
						"y": -9.31,
						"curve": [ 0, 0.83, 0.75, 1 ]
					},
					{ "time": 0.9667, "x": 0, "y": 0 }
				]
			},
			"eyes": {
				"translate": [
					{
						"time": 0,
						"x": 0,
						"y": 0,
						"curve": [ 0.25, 0, 0.75, 1 ]
					},
					{
						"time": 0.2,
						"x": -14.93,
						"y": 6.23,
						"curve": [ 0.25, 0, 0.75, 1 ]
					},
					{ "time": 0.4, "x": -2.61, "y": 14.08 },
					{
						"time": 0.5,
						"x": 16.34,
						"y": 13.16,
						"curve": [ 0, 0.79, 0.75, 1 ]
					},
					{ "time": 1.0333, "x": 0, "y": 0 }
				]
			},
			"weapon": {
				"rotate": [
					{ "time": 0, "angle": 0 },
					{ "time": 0.2667, "angle": 46.28 },
					{ "time": 0.5, "angle": 49.18 },
					{ "time": 0.5333, "angle": -50.53 },
					{
						"time": 0.6667,
						"angle": -63.52,
						"curve": [ 0.25, 0, 0.75, 1 ]
					},
					{ "time": 1, "angle": 0 }
				],
				"translate": [
					{ "time": 0, "x": 0, "y": 0, "curve": "stepped" },
					{ "time": 0.2333, "x": 0, "y": 0, "curve": "stepped" },
					{ "time": 1, "x": 0, "y": 0 }
				]
			},
			"arm": {
				"rotate": [
					{ "time": 0, "angle": 0 },
					{ "time": 0.2667, "angle": 60.05 },
					{ "time": 0.5, "angle": 71.46 },
					{ "time": 0.5667, "angle": -69.7 },
					{
						"time": 0.6667,
						"angle": -82.69,
						"curve": [ 0.25, 0, 0.75, 1 ]
					},
					{ "time": 1, "angle": 0 }
				],
				"translate": [
					{ "time": 0, "x": 0, "y": 0 },
					{ "time": 0.2667, "x": -63.33, "y": 44.6 },
					{ "time": 0.5, "x": -82.75, "y": 52.75 },
					{ "time": 0.5667, "x": 97.23, "y": -20.52 },
					{
						"time": 0.6667,
						"x": 79.83,
						"y": -24.98,
						"curve": [ 0.25, 0, 0.75, 1 ]
					},
					{ "time": 1, "x": 0, "y": 0 }
				]
			}
		}
	}
}
}